Business Name,Phone Number
"#1 A Docs Painting with Excellence","352-753-0056"
"24 Hour Cart Club","352-330-1911"
"4Wheels Mobile Golf Cart Wash","817-368-3977"
"A Cut Above Tile & Hardwood Installations Inc.","352-433-8032"
"A Good Neighbor Pest & Pool","813-579-0699"
"A-1 Devon Irrigation","352-551-3478"
"AB Landscaping & Tree Services LLC","352-587-1323"
"Abundant Life Organizing","314-266-8764"
"Advanced Pool & Spa Sales","352-205-4270"
"Aggato's Landscaping","352-426-6476"
"Alchemy by Alexx","No phone listed"
"All About Carts","352-409-2702"
"All Air & Heat Inc.","352-728-4554"
"All American Muscle Moving LLC","352-233-8494"
"All Surface Rejuvenations Plus","352-502-0707"
"Alternative Home Health Care — Medical Transport","352-352-1414"
"Amedisys Home Health","352-391-1416"
"Amour Mobile Nails","321-320-9044"
"Angela Perez Landscaping","352-470-2510"
"Appliance Repair Specialists — The Villages","352-461-8598"
"Arianna's Perfect Clean","479-434-8892"
"Attorney Fisher — The Villages","352-503-4111"
"Autos On The Go — The Villages","866-924-7447"
"AvA Nails","352-626-5000"
"Baker's Golf Cars","352-793-1680"
"Barefoot Landscape & Design LLC","352-461-9172"
"Bark Busters — The Villages","877-500-2275"
"Battery Boys","352-643-1241"
"Battery Brothers","352-205-9859"
"BB Nail Bar","352-461-0184"
"BC Kustom Karts","352-561-8440"
"BCN Law Firm — The Villages","352-775-4739"
"Bearded Brothers Flooring","352-239-7269"
"Being Your Eyes Home Watch","583-506-3215"
"Bereket Moving and Storage","813-345-2522"
"Bertram Pest Solutions","352-608-5010"
"BEST Battery — Golf Cart Accessories & Lighting","352-391-5582"
"Better Lawns & Landscapes","352-638-7108"
"Betty Brow Co., The","352-461-4752"
"Blue Line Transportation Services","352-844-1746"
"Bob's Appliance Repair","352-897-1002"
"Brothers & Sons Landscaping","352-406-9307"
"Bryan's Landscaping & Handyman Service","352-298-8073"
"Buffalo's Barber Shop","352-205-7693"
"C&H Trees & Landscaping","352-205-0475"
"C&J's Mobile Auto Repair & Towing","352-408-9357"
"Cal's Barber & Beauty — Brownwood","352-750-5334"
"Cal's Barber & Beauty — Colony","352-674-9308"
"Cal's Barber & Beauty — Lake Sumter","352-259-9100"
"Cal's Barber & Beauty — Spanish Springs","352-391-5842"
"Campbells Canine Training","352-460-4887"
"Carr's Floor & Home Carpet One","352-915-2484"
"Cart To Cars Mobile Detailing","636-696-6633"
"CartFixer Mobile Golf Cart Repair","352-433-5411"
"Cat the Dog Trainer","951-514-7347"
"Central FL Screens & Outdoor Services LLC","352-298-8633"
"Chessari Sod & Landscaping","352-209-3559"
"Chloes Beautique LLC","352-812-1808"
"Christian Brothers Power Washing & Windows","813-337-8985"
"Clay Oaks Mobile Veterinary & Grooming","352-817-9373"
"Clay's Carts","352-302-5559"
"Comfort Keepers Home Care","352-720-8870"
"Computer Central FL","352-314-3855"
"Conroy's Roofing & Tree Trimming","214-794-2623"
"Coopers Pooper Scooper","352-308-4851"
"Craine-N-Sons","352-204-6181"
"Craine-N-Sons Moving Services","352-460-2449"
"D&D Golf Cart Rentals LLC","352-418-7661"
"D&M Appliance Repair LLC","352-259-4200"
"DeSantis AC & Appliances","352-330-4433"
"Diamond G AC & Heating","813-263-2967"
"Diana Caruso LMT — Mobile Massage","941-451-9122"
"Diana Caruso LMT — Mobile Massage","941-451-9122"
"Dixie Safe & Lock Services LLC","352-259-4511"
"Dog Training Spot LLC, The","321-754-1457"
"DogSmith — The Villages","352-391-5060"
"Donnie Gates Home Repairs","352-801-2888"
"Doorstep Detail Inc.","857-318-5629"
"DPS Flooring Kitchen & Bath Inc.","813-469-4298"
"Driveway Coatings of Wildwood","352-250-2564"
"Duncan Family Movers LLC","352-364-7312"
"EC Car Transport — The Villages","800-438-9089"
"El Matador Tile & Remodeling","352-504-6011"
"El Sol Hardscaping","352-406-0785"
"Elise's Mobile Notary","631-428-8114"
"Elise's Mobile Notary","631-428-8114"
"Elite Flooring of Central Florida","352-552-2898"
"EW Excavation Pool LLC","407-446-6666"
"Experts Garage Door Service","352-410-0566"
"Exterior Experts LLC","352-531-5117"
"Face-Time Aesthetics","352-460-4268"
"Face-Time Aesthetics","352-460-4268"
"Faded Lounge Barber Shop","352-261-7737"
"Fairway Golf Car Mobile Services","352-978-5208"
"Family's Choice Electrical Repair","352-751-3794"
"Feel Safe Home Watch, LLC","352-750-9360"
"Fernview Farm Lawn Fertilization","352-245-7905"
"Fertigator Lawn Care","352-314-2867"
"Finn's Maintenance","352-454-8222"
"Finney's Professional Services","352-753-3629"
"First Class Junk Removing LLC","321-441-0430"
"Five Star Golf Cart Service LLC","352-301-3706"
"FLI Irrigation","352-504-7827"
"FLI Lawn Tune-Up","352-904-7827"
"Floors of Distinction","352-751-4389"
"Florida Couriers — The Villages","800-481-4290"
"Freeman Landscaping","352-454-4343"
"From The Ground Up Landscaping & Tree Removal","352-805-3721"
"Fur and Away Mobile Pet Grooming","352-849-2999"
"Gaelynn's Home Care Transport","352-391-6200"
"Galaxy Home Solutions","352-748-4868"
"Garage Door Doctor, The","352-257-3321"
"Garage Doors The Villages","352-290-8986"
"Garrett's Mobile Golf Car Service","352-454-2272"
"Gene Green Tree Service","352-619-6155"
"Genesis Health Clubs — The Villages","352-753-6910"
"Genesis Health Clubs — The Villages","352-753-6910"
"Good Steward Home Solutions","352-399-0073"
"Goodell Electric LLC","727-810-7194"
"Green Mountain Landscaping & Tree Services","352-776-8343"
"Groome Transportation — The Villages","352-539-9664"
"H&H Handyman Services","352-399-0987"
"Happy Dog Pet Sitting LLC","352-561-2464"
"Happy Home Pet Care","352-652-9406"
"Healing Hands Wellness for Life","352-750-9069"
"Hector Damas Landscaping","352-793-0049"
"Helen's Nails & Spa","352-689-0100"
"Helping Hand Moving Services","352-633-0018"
"Hema Rupnarain CPA PA","352-351-9880"
"Hilton Automotive Inc.","352-854-6868"
"Holistic Business Consultants","352-391-2163"
"HomeWell Care Services — The Villages","352-504-3400"
"House Calls Mobile Pet Clinic","352-231-4343"
"iFixed EZ Florida","352-461-2388"
"Iron Shield Heating & Air","352-247-8923"
"Iron Village Gym — Personal Training, The","352-461-0722"
"Iron Village Gym — Personal Training, The","352-461-0722"
"Irrigation Nation","352-633-0097"
"J&H Property and Land Solutions","352-455-4365"
"J&P Home Inspections LLC","603-978-9074"
"J&R's Landscaping","352-267-8019"
"J.A. Pavers LLC","352-461-1148"
"J.R. Pruning","352-470-8598"
"Jackson Hewitt Tax Service — The Villages","352-369-0244"
"JB Golf Carts — Lighting & Custom Upgrades","352-830-2882"
"Jeff's Appliance Service","502-909-6518"
"JJ Electricians LLC","352-268-9707"
"JMW Total Services LLC","321-299-2881"
"JoanieFit — Personal Training","302-743-1891"
"JoanieFit — Personal Training","302-743-1891"
"John's Landscaping","352-259-5861"
"Johnson Brothers Plumbing","352-748-0200"
"Jonathan's Appliance Services","352-568-5629"
"Jose's Trimming, Planting & Lawn","954-600-1174"
"K&W Flooring Pros Inc.","352-430-5808"
"Karen of Sunshine Home Cleaning","352-216-0484"
"Karmen Madden - Weed & Lawn Care","352-261-9825"
"KB Landscape Supply Inc.","352-748-7625"
"Kent Services — Mobile Mechanic","352-461-2282"
"Kings PowerWash Service LLC","352-362-1326"
"KK's Auto Detailing","352-429-8991"
"Kling Towing & Vehicle Transport","352-728-8010"
"L&L Cleaning Services","352-561-4388"
"La Vie Nails & Spa","352-633-5239"
"Lake County Electrician LLC","352-406-6030"
"Lake-Sumter Electric","352-793-8092"
"Later Gator Moving LLC","352-275-1769"
"Lavish Mobile Detailing","352-284-4441"
"Leelandscape LLC","352-633-0542"
"Legacy Clinic of Chiropractic & Massage","352-259-0024"
"Legacy Flooring & Paint LLC","352-530-4009"
"Level Up Epoxy and Painting LLC","352-807-2503"
"Liberty Moves Orlando","407-729-9108"
"Lifestyle Landscape LLC","352-516-0516"
"Local Mobile Mechanic — The Villages","844-669-6324"
"Lotus Skin Studio, The","352-350-3747"
"Lotus Skin Studio, The","352-350-3747"
"Lunar Nails","No phone listed"
"Luxe Nails & Spa","352-750-2634"
"Luxury Tile Construction Services","407-460-8604"
"M&S Air Conditioning","352-235-9178"
"Make Room with Renée","321-328-5231"
"Marketplace Movers & Painters","352-480-1286"
"Marshall Properties & Remodeling LLC","352-267-2481"
"Massey Services — The Villages","352-259-0500"
"Mazza Innovations LLC","352-399-1102"
"McWilliams Painting","352-530-0189"
"Meryl's Pest Control Service","352-694-1977"
"Michael's Termite & Pest Control","352-425-4783"
"Mike Scott Plumbing — The Villages","352-748-9111"
"Miller & Sons Plumbing","352-748-5533"
"Millhorn & Shanawany Law Firm","352-205-4995"
"Miracle Cleaning Services","352-216-4801"
"Miso Nails & Head Spa","352-399-2561"
"Mobile Bridal Beauty LLC","904-252-2143"
"Mobile Bridal Beauty LLC","904-252-2143"
"Morgan's Outside Service","352-454-6218"
"Mr. Fix It Garage Doors","877-561-8443"
"Mr. Goodbrush Painting & Renovations","407-443-6032"
"Mr. Greg Enterprises Inc.","352-426-7162"
"Mr. Handyman","352-259-6566"
"Nails & Beyond","352-753-9222"
"Nails & Beyond 2","352-751-6777"
"Nature's Garden","352-504-1345"
"Nikky Pets Mobile Grooming","954-336-6888"
"NorthStar Business Consultants","800-966-3681"
"Ocala Fence LLC","352-274-0823"
"Ollie's Auto and Tire","352-561-4307"
"One Hour Heating & Air Conditioning","352-897-9700"
"Oscar's Quality Painting LLC","352-361-4414"
"P&J Flawless Paws Mobile Grooming","352-561-5900"
"Paws Animal Hospital — Home Vet Calls","352-259-2439"
"PC Wizards — The Villages","352-350-0610"
"Pegasus Construction Group Inc.","727-480-4796"
"Petco Grooming — Lady Lake","352-430-7228"
"PetSmart Grooming — The Villages","352-750-3388"
"Pierce Landscaping","352-205-4543"
"PLOS Lawn & Landscaping","352-454-9027"
"PM by Dawn — Permanent Makeup Boutique","352-775-1551"
"Premier Painting — Call Trina","352-454-0062"
"Pro Closet & Cabinetry","352-694-9900"
"Professional Organizer of The Villages — Margey","772-707-6064"
"Puddle Pool Services","352-307-1898"
"Q Services LLC","352-638-0472"
"Quality Moving Services","352-633-8217"
"Quality Moving Services LLC","352-430-7393"
"R&C Brady Services LLC","352-461-0428"
"Ramsey's Pressure Washing","352-220-9783"
"Reliable Tasks Pros","352-801-0288"
"Residential Water Works LLC","352-454-0303"
"Ricardo's Painting Services LLC","352-399-0671"
"RoadRunner Auto Transport — The Villages","888-777-2123"
"Roam Electric Inc.","352-327-4434"
"Roberto's Flooring","352-552-1819"
"Rock Raiders by Tip Top Trim","352-268-4242"
"Roof Guys","239-390-1997"
"S&W Roofing LLC","352-319-6787"
"Safe & Sound Roofing LLC","352-942-9572"
"San Juan Tile LLC","352-399-2254"
"Scott's Construction Unlimited LLC","352-430-3885"
"Selina Nails & Day Spa","352-492-9526"
"Senior Helpers — The Villages","352-323-6232"
"Sharie's Salon / Permanent Makeup by Sharie","352-209-9048"
"Sharon's Home Arts & Crafts","No phone listed"
"Shepherds Electric","352-643-0340"
"Signature Cart Detailing","518-441-8782"
"Skinner's Environmental & Home Improvements LLC","352-430-1296"
"Sod Lot — The Villages, The","352-470-0326"
"Sparkle Effect Mobile Detailing","352-448-7707"
"Speedy's RV & Boat Storage","352-689-9699"
"SprinkleRight Irrigation","352-235-9829"
"Stamped and Sealed Handyman LLC","352-561-2020"
"Summerfield Roofing","352-421-3336"
"Sunshine Awnings — Outdoor Cleaning","352-787-1440"
"Sunstate Power — The Villages","352-561-3621"
"Tallman Lawn Services","352-431-6326"
"Taz Mania Landscaping LLC","352-619-5772"
"Thomas's Handyman Service","352-234-4248"
"Tire Guy — Andy Robinson, The","352-434-2254"
"TMT Beauty","352-744-9902"
"TNA Residential Services","352-633-0311"
"Todd Casey Golf Cart Repairs","352-399-7678"
"Top Nails Salon","352-750-2289"
"Trev's Precision - Mobile Cart Service","352-615-1027"
"Tri-County Movers","352-208-5288"
"Two Men and a Truck — Ocala/The Villages","352-347-3337"
"U Save Door and Trim","407-843-5606"
"V-Hub Test Provider","352-000-0000"
"Veterans Garage Door","352-844-3925"
"Village Airport Van","352-241-2000"
"Village Home Watch & Services, LLC","352-456-8587"
"Village Mover","352-751-2750"
"Village Neighbor","No phone listed"
"Village Pet Spa","352-751-2877"
"Village Tax & Accounting Solutions LLC","352-259-7053"
"Village Veterinarian","352-751-2525"
"Villagers Home Watch","352-386-0444"
"VillagersHome WatchPlus","518-423-9966"
"Villages Auto Detail","No phone listed"
"Villages AV — Smart Home Installation","352-388-1677"
"Villages Computer Guy, The","352-633-0287"
"Villages Go, The","407-225-3303"
"Villages Golf Cars, The","352-750-4653"
"Villages Home Watch LLC","352-386-0444"
"Villages Mobile Notary, The","501-813-0123"
"Villages Notary","352-391-6600"
"Villages Outdoor, The","352-753-6290"
"Villages Pet Sitters Network, The","352-391-3016"
"Villages Refrigerator & Appliance Repair","352-348-3411"
"VIP Transportation Group","352-353-1037"
"Visiting Angels — The Villages","352-643-0702"
"Vivint Smart Home — The Villages","305-894-0622"
"Volthom Electric Inc.","352-789-2454"
"Warren's Landscaping & Property Maintenance","352-603-9554"
"Welcome Legacy Maintenance LLC","352-512-1476"
"West Orange Roofing","352-770-8920"
"William's Golf & Cart Services","No phone listed"
"Willie's Golf Cart Service & Repair","352-255-1369"
"Windows of Central Florida","352-217-8151"
"Woodies Flooring and More LLC","352-560-1204"
"Woof Gang Bakery & Grooming — The Villages","352-633-0097"
